static/sheep.png,tag1,tag2,tag3,tag4,sheep,white
static/1.png,tag5,tag2,tag3
static/sheep2.png,tag5,tag2,tag3
static/2.png,pyramid,sun set
static/blacksheep.png,sheep,,,black sheep
static/great_pyramids1347145134254.png,pyramid,sky
static/sheep_PNG2180.png,lkjkl
static/Sunflo.png,sunflower
static/SunflowerPerfectBloom.png,sunflower,sunflower
static/2268Sunflower-Posters.png,sunflower
static/heartsunflower.png,sunflower
static/-A_sunflower.png,sunflower,sunflower good
static/1712.png,sunflower
static/care-sunflower.png,sunflower
static/Sunflower-HQ.png,,sunflower,sunflower face
static/sunflower1.png,sunflower
static/Sunflower2.png,sunflower
static/beach1.png,beach
static/beach2.bmp,beach,white beach
static/beach3.bmp,beach,sunshine
static/beach4.bmp,beach
static/beach6.png,beach
static/midway-north-beach-unreal.bmp,beach
